student_name,Attendance_Rate,Participation_score,prev_score_AlQuran,prev_score_Akidah,prev_score_Sirah,prev_score_Adab,prev_score_JawiDanKhat,prev_score_BahasaArab,prev_score_Ibadah,prev_score_PCHI,prev_score_AmaliSolat,future_score_AlQuran,future_score_Akidah,future_score_Sirah,future_score_Adab,future_score_JawiDanKhat,future_score_BahasaArab,future_score_Ibadah,future_score_PCHI,future_score_AmaliSolat,Predicted_future_score_AlQuran,Predicted_future_score_Akidah,Predicted_future_score_Sirah,Predicted_future_score_Adab,Predicted_future_score_JawiDanKhat,Predicted_future_score_BahasaArab,Predicted_future_score_Ibadah,Predicted_future_score_PCHI,Predicted_future_score_AmaliSolat
Shawn Brown,64.1208309186813,71.27623604004856,75.41535608499082,55.138037868892624,45.60834873809086,85.953359193122,84.57604540699484,43.47975853119071,92.27601643318403,93.62191777754222,83.03350966155125,90.49842730198898,66.16564544267115,54.73001848570903,100.0,100.0,52.17571023742885,100.0,100.0,99.6402115938615,87.07064389245265,64.58094187447654,56.693407552748326,97.6619614184999,98.234425079951,52.18751710396085,100.0,100.0,93.01122747804656
Stephanie Herrera,35.106671390697485,92.73201159192945,76.8104006841344,31.46689644649909,52.17853381874343,98.43272396468076,68.36267089589211,71.81054099010424,68.85653982239616,74.9604037074009,69.30205615286181,92.17248082096127,37.760275735798906,62.614240582492116,100.0,82.03520507507052,86.17264918812509,82.62784778687539,89.95248444888108,83.16246738343416,87.73135086050067,40.14836795475551,62.127230520638975,100.0,80.46631659095476,82.15141536471185,79.23217461034744,84.45316873627374,79.4517713869442
Emily Swanson,49.65862800192055,65.36549885121025,93.94239572686428,66.04830628364353,67.33470508412681,73.54097201744139,71.11108312700799,96.66173370138199,57.334079419913,58.38205197935727,95.1175597245674,100.0,79.25796754037223,80.80164610095217,88.24916642092967,85.33329975240959,100.0,68.8008953038956,70.05846237522873,100.0,100.0,77.45068573405865,76.94754088105108,81.98740469043453,81.14776174850147,100.0,67.84304788935938,69.35932862591588,100.0
Michelle Diaz,59.37342835444957,70.01562041734914,80.45280088088467,50.12220221823436,35.18591950984183,68.72553612452737,96.78512259589164,62.2821929297685,65.88678075749996,43.99905457411679,98.83715649573918,96.5433610570616,60.14664266188122,42.22310341181019,82.47064334943283,100.0,74.73863151572219,79.06413690899996,52.798865488940145,100.0,92.83471995081584,59.399723448773514,44.85981154515379,78.73670300635325,100.0,71.12461628384048,77.85218059662948,53.39099438048197,100.0
Michael Vasquez,76.08590839989257,94.79332772616301,81.56612465808776,71.81323476990562,89.4138447910008,97.82683459557968,76.71341127564537,97.1587962156559,85.4627643164371,66.5697790068242,79.04246687332588,97.87934958970531,86.17588172388675,100.0,100.0,92.05609353077445,100.0,100.0,79.88373480818905,94.85096024799105,92.26268786258345,82.2897053099894,99.32917839004489,100.0,88.67859804312867,100.0,95.62079514983766,76.98946289363514,91.0138164143274
Cindy Martinez,78.94833547135639,90.3041228061883,48.99956454927914,41.77334515786389,52.762955084335935,63.18239391279834,35.018846939605304,77.83300897523154,96.8526938907712,79.72620591449859,47.870789579431914,58.79947745913497,50.12801418943667,63.31554610120312,75.81887269535801,42.022616327526364,93.39961077027785,100.0,95.67144709739831,57.444947495318296,58.61299700666664,50.63167287721124,63.246944166008824,73.18200903176884,47.203985734237264,91.29476563057459,100.0,91.78960152159891,59.57392162690936
Anthony Good,85.31390161468258,66.71899630710891,56.88934795808461,92.643627791732,30.34065636802858,65.28378629286553,80.83763724562087,36.48638208319245,68.4725257246732,62.3420862253852,75.00966936269405,68.26721754970153,100.0,36.40878764163429,78.34054355143863,97.00516469474503,43.78365849983094,82.16703086960784,74.81050347046224,90.01160323523287,67.97960746884428,100.0,39.61818057156943,78.86414733170686,92.49261593857136,44.7314547703245,81.80778187891009,72.48455578131811,84.48005410006355
Ronald James,67.16271498610965,79.51487986690334,52.52964285710881,30.6199719002621,69.69447637408975,39.225315208464416,74.72681842490081,65.34465104002922,99.75852700333775,49.67758987295875,70.81162064869264,63.035571428530574,36.74396628031452,83.6333716489077,47.0703782501573,89.67218210988098,78.41358124803506,100.0,59.613107847550495,84.97394477843116,63.7233768537486,38.65251361629565,81.9946508258725,47.135788055106545,86.28727963589581,77.70010040142377,100.0,60.20267971130866,81.21216708399348
Martin Harris,58.41637597125977,77.9242934761078,63.723428473376224,98.893152078914,64.89335502791232,84.96936436911558,36.973198571601635,33.96659308677225,30.525748973958276,46.47670227075951,100.2813460841851,76.46811416805147,100.0,77.87202603349478,100.0,44.36783828592196,40.7599117041267,36.63089876874993,55.77204272491141,100.0,75.70012249854393,100.0,73.40158701733652,97.8542532693148,44.56230705816586,40.84268316372555,41.7287112106461,55.016383297432604,100.0
Sean Bruce,36.19909749522879,71.10987095936088,53.24506739999829,32.11140622773159,65.26445992745052,92.69155473071817,75.58064087144197,69.77673912799108,78.37246588205869,98.0381322118334,95.06902514831067,63.894080879997944,38.53368747327791,78.31735191294062,100.0,90.69676904573036,83.73208695358929,94.04695905847042,100.0,100.0,64.3445680590603,41.212253763163574,77.3326999459,100.0,86.94125389132721,80.90638586960343,90.18468782276273,100.0,100.0
Charles Reed,40.080367338038954,68.24598762622735,58.84667577353082,90.50097114558739,74.4899753724768,50.23719420834456,64.10499958161759,34.6257003052954,55.672555985249716,97.34606964666641,77.20149647478067,70.61601092823697,100.0,89.38797044697216,60.28463305001347,76.9259994979411,41.550840366354485,66.80706718229966,100.0,92.6417957697368,71.33828830556752,100.0,86.10847258031956,61.256132218153695,76.20231161159059,44.15767022274687,66.47387919391929,100.0,88.04704298572261
William Lowe,79.20259096605962,64.76477302835994,51.687618177316935,32.12997113260006,60.42726690446551,76.75360328893123,71.94165847433109,90.54986656731927,87.26991581903033,36.65043191044158,41.48839705032328,62.02514181278032,38.55596535912007,72.51272028535861,92.10432394671747,86.3299901691973,100.0,100.0,43.9805182925299,49.78607646038793,60.43337995025383,41.40965454118576,71.50100509544953,87.91372632608852,82.21059210261724,100.0,97.34654206451049,47.9107168895417,51.80047706762894
Michael Reed,54.66401035301065,78.12636343333699,87.67533583779168,52.920525470627375,65.85321579633586,81.81406798918493,74.26866238469842,47.283408462959855,32.75764768901732,39.23859383537102,95.18093419708156,100.0,63.504630564752844,79.02385895560303,98.17688158702192,89.1223948616381,56.740090155551826,39.30917722682078,47.086312602445226,100.0,99.8843439215697,62.17262713702705,76.18336232794923,93.5817908092267,83.50409297064452,54.378728662135096,42.495175627155966,48.22542388719158,100.0
Kristin Burns,85.90351596795873,97.40903299418902,35.89291066664901,48.08932742168456,60.867994372290795,88.66394615711887,94.61463085379516,90.47087142627188,34.71870879374393,43.76865616714892,58.30874575281386,43.071492799978806,57.70719290602147,73.04159324674895,100.0,100.0,100.0,41.662450552492714,52.5223874005787,69.97049490337663,43.8669948202364,58.82327173878432,71.1955336568139,100.0,100.0,100.0,43.47359866667442,54.205185335155726,68.80964440357755
Savannah Tate,50.03038474412134,79.44676556731714,44.07034740614783,56.66402002869694,68.68647526747073,94.15465982963673,56.247646213518514,57.319757150121944,82.74978565715185,94.5478735162569,64.34689644141086,52.8844168873774,67.99682403443633,82.42377032096486,100.0,67.49717545622221,68.78370858014632,99.29974278858221,100.0,77.21627572969304,53.985259019866234,65.7676597382459,79.89530184293028,100.0,68.07839787541332,68.19974296191674,94.24806091606597,100.0,75.40812933598413
Anthony Watkins,47.77312003462455,64.58692898394058,74.05098316586617,99.14074497945259,97.45274768058131,100.46819054988806,37.209370182167454,88.3800197476608,90.28880804600561,33.29820993576319,61.03755927395094,88.8611797990394,100.0,100.0,100.0,44.651244218600944,100.0,100.0,39.95785192291583,73.24507112874113,84.86676238888667,100.0,100.0,100.0,45.88504301906696,98.63630883383999,100.0,42.79755265586073,72.37609813981983
Sonya Haynes,40.422833653171374,100.57835899110832,86.11262196607149,87.76642689445741,32.67274308012544,31.53180008538284,79.5574865417818,32.73462780013794,44.28474525167727,32.13122279622769,91.86164409414701,100.0,100.0,39.20729169615053,37.838160102459405,95.46898385013816,39.28155336016553,53.14169430201272,38.55746735547323,100.0,100.0,96.78540566205587,40.3061254206236,40.90825366297217,91.03258529276077,40.625312378336595,54.3255428420536,41.10120376567036,100.0
Anthony Graves,83.776101318973,66.7552592778716,47.32686609398,94.34048300492123,61.491691554005826,80.22491861802533,83.98055223900599,41.5081109660266,85.25667387169705,51.02099002830282,41.77725892271771,56.792239312776,100.0,73.79002986480698,96.26990234163038,100.0,49.80973315923192,100.0,61.22518803396338,50.132710707261246,56.73218489841754,100.0,71.7059073450587,94.51014760391152,95.91828548904748,50.213746548437314,97.13360558654954,60.82410603101682,51.6689084964009
Donald Moss,56.76812184021177,79.31738241111559,52.58333340446063,82.08269093144104,77.42338990233102,55.32083526024171,67.28771070781542,68.23153922137084,72.84241730579339,67.97614912096162,46.97288366204066,63.100000085352754,98.49922911772924,92.90806788279723,66.38500231229004,80.7452528493785,81.877847065645,87.41090076695207,81.57137894515394,56.36746039444879,63.13250915175902,93.08903420501053,88.13058286361272,65.58251988235023,79.28365987744934,79.92084662324615,82.30930458054235,79.08377372995557,58.259517918720626
Corey Schneider,31.052539983632347,73.27621034216651,49.41493581356225,90.21023554906645,47.188481251504925,81.73810830724213,80.30933616510498,34.6009456822613,41.512043458465236,49.7597658218956,64.42318920420391,59.2979229762747,100.0,56.626177501805905,98.08572996869056,96.37120339812597,41.521134818713556,49.81445215015828,59.71171898627472,77.30782704504469,60.39161118585121,99.885881812754,56.07750889486765,94.90214642712701,90.50147438571543,42.46081511319236,52.61792173503593,57.886391817522544,73.24286754949117
Steve Baxter,31.10118415460133,96.77250548874704,56.602315273690884,55.74231724006728,74.94465678404357,32.99912505616938,88.37359413552372,91.64786674051184,33.63495166831181,56.49795782490413,86.93087509865462,67.92277832842906,66.89078068808074,89.93358814085228,39.59895006740326,100.0,100.0,40.361942001974164,67.79754938988495,100.0,68.83232637065612,66.98835824531989,85.6910991469133,38.661059188706524,98.81657408793646,100.0,40.87353835966561,67.14589784295508,97.91183315231481
Linda Perez,33.17769223725984,95.27912119490833,95.71553257857904,48.792729056076375,32.77105113934896,70.48068707746712,38.5357718553244,88.36194091409858,75.93951867108439,45.35891101352935,64.20373807490301,100.0,58.551274867291646,39.32526136721875,84.57682449296054,46.24292622638928,100.0,91.12742240530126,54.43069321623522,77.04448568988362,100.0,57.1677315017301,39.750143831725,78.87519488947133,49.77313767639468,99.89694267846058,86.08729321364926,56.01100400587964,74.42193638401625
David Jones,61.93052084745941,98.90377965823748,83.80086178642057,99.88654040547179,57.704911131010014,34.09938697353395,78.93691997689479,51.9917599783859,58.120575967649664,51.93005866196407,59.37374170226143,100.0,100.0,69.24589335721201,40.91926436824074,94.72430397227374,62.390111974063075,69.74469116117959,62.31607039435688,71.24849004271371,96.44892840146613,100.0,66.51535921252696,44.12663628950516,92.1675165197145,61.55935116433212,67.29626866123805,62.94646943296041,69.81538333556477
Steve Gray,100.11116309875047,69.41246124211494,41.36322533160656,73.5950038338257,57.58039320538834,77.73075352012637,97.44657163670875,69.5689992635219,41.776075576180496,51.32635699796629,100.46047870425078,49.63587039792787,88.31400460059083,69.096471846466,93.27690422415164,100.0,83.48279911622627,50.131290691416595,61.591628397559546,100.0,51.28913980010171,84.7459709638843,68.31826924013185,89.49445437069083,100.0,78.95944517232364,53.44930974904438,61.384163833952634,100.0
Sarah Peterson,60.00065474390415,94.1536358475534,62.07916444862475,98.11266224955271,48.69647689031471,46.002181916341335,50.05218253349544,34.54321241834353,68.231460317413,54.64767433978069,87.22762681788927,74.4949973383497,100.0,58.435772268377654,55.202618299609604,60.06261904019453,41.451854902012236,81.87775238089559,65.57720920773683,100.0,74.83608883089576,100.0,57.0380281362368,56.13533023935774,61.070771582618455,43.61962331661785,79.54891546882166,64.07190880971353,97.36299509727799
John Lam,93.5998720326694,92.81583951657045,56.90865762536284,36.440370669713005,41.78214207747773,86.50253995196968,45.8006219011821,87.67053077840738,55.33281615507093,87.29219975324378,67.45620689499981,68.2903891504354,43.728444803655606,50.13857049297327,100.0,54.960746281418515,100.0,66.39937938608512,100.0,80.94744827399977,66.05192827277,46.885368271119646,51.905358582691996,98.05896867416293,56.90931400576495,99.82688122297644,66.20377886383086,99.62211146168522,79.03235280410487
Benjamin Snow,30.601614925045972,67.33444727986011,43.337863651968895,46.72604995990773,36.239380081550195,54.80406516860077,72.99650592507513,34.99666153000577,78.8124831564183,53.850688170041025,31.252560677651793,52.005436382362674,56.07125995188928,43.48725609786023,65.76487820232093,87.59580711009015,41.99599383600692,94.57497978770195,64.62082580404923,37.50307281318215,53.71606301179305,55.05369874200144,46.922335497631224,67.27090478399607,85.13717160034697,45.560251797012235,89.46513923787303,63.44648825332808,39.96481630470793
Alex Hunter,33.56423623195522,64.66071411264765,44.27555200680177,71.10661973694124,75.8418289189643,40.29586135386096,46.575327187578004,86.83521871351817,38.19338139571521,62.799261828565776,40.17607037661632,53.13066240816212,85.32794368432948,91.01019470275715,48.355033624633144,55.890392625093604,100.0,45.83205767485825,75.35911419427893,48.211284451939584,54.74481996753203,83.26194682646579,86.629948952989,50.11452531352098,56.07784387514547,100.0,46.052313305293936,75.0642462944531,51.58051058695846
Jimmy Ramirez,67.60080569496657,81.09972651329647,95.34084191307106,56.24169226952827,87.29628552270238,81.29016631370328,51.46546837967696,35.69325294559054,53.76040038334452,44.299737958983,45.342005161687716,100.0,67.49003072343392,100.0,97.54819957644393,61.75856205561235,42.831903534708644,64.51248046001342,53.1596855507796,54.410406194025256,100.0,65.53959003320033,98.57349184024747,95.42485427756722,62.64841440199913,42.95023169345757,62.14943490598548,54.65430641151937,55.26305137005767
Leonard Ellis,33.06702214431638,66.30701640854159,57.10516830332239,51.2931654732513,50.944924476149204,55.922000494720294,92.75391686463638,81.21657500617599,31.13072463988739,91.90459217643694,39.77149875762679,68.52620196398686,61.55179856790156,61.13390937137904,67.10640059366435,100.0,97.45989000741118,37.35686956786487,100.0,47.72579850915214,67.41339434396716,64.82093209145748,62.5771567651521,67.1176318052639,100.0,93.56329325327391,40.11999445644288,100.0,50.35958881851437
Felicia Sanchez,43.90801651017134,71.65299424895431,76.87051000666114,84.9697549416983,55.19853898373022,45.47634374058832,53.245452560820674,75.08711757294282,43.5322755079723,68.16241257073267,77.09281621608683,92.24461200799335,100.0,66.23824678047626,54.57161248870598,63.8945430729848,90.10454108753137,52.23873060956676,81.7948950848792,92.5113794593042,89.53801840214278,96.83706231500369,64.35632865521262,54.95329099128612,63.77149675618292,86.16699999522781,53.59048220539031,79.81475529231798,88.0232777351689
Alyssa Clark,62.46935550975636,69.50687027810322,46.66808756402849,30.747027408217722,69.80958551250406,80.25443809580827,62.53732429766832,35.46408374398554,46.90306764543057,96.95824565527182,32.00483431742377,56.001705076834185,36.896432889861266,83.77150261500486,96.30532571496992,75.04478915720198,42.556900492782646,56.28368117451668,100.0,38.405801180908526,55.51538733475909,41.32939296554245,83.58039208256798,95.39104579556118,74.84100461681253,45.40445475952725,56.34905210921665,100.0,42.354866189128586
Rebecca Peck,34.70814492103321,79.00864751313215,97.31525322896707,87.82058142625456,50.417389171783654,77.8817188530413,81.65167328000294,52.32741765549214,32.46279475475737,80.68649016962222,45.267114571623736,100.0,100.0,60.50086700614038,93.45806262364957,97.98200793600353,62.79290118659057,38.95535370570884,96.82378820354666,54.320537485948485,100.0,100.0,59.58531805669917,91.28172220906987,95.17341468625249,60.41203772147379,42.33581034634112,91.63595434713093,55.242031810555936
Cristina Jackson,84.7590612953634,79.51114832099603,32.50250652969062,65.00208938826121,68.98358279507534,64.66217433044153,86.79798849909588,77.2514830368892,90.16470281955928,52.80097777821967,66.05983828286281,39.00300783562874,78.00250726591345,82.7802993540904,77.59460919652983,100.0,92.70177964426703,100.0,63.3611733338636,79.27180593943537,41.92745310724807,74.62693172455477,80.03822143244923,74.2452753736679,97.82959592988934,89.35934890187167,100.0,63.103569694669496,76.9724929846143
Carl Hawkins,58.265492563783695,67.2553776288202,94.33121054168497,76.17482168856287,46.28801766356311,86.20811662047637,66.56418216380766,75.42648765684399,67.53594216218562,88.08390774111933,93.78926352307694,100.0,91.40978602627544,55.54562119627573,100.0,79.87701859656919,90.51178518821278,81.04313059462274,100.0,100.0,100.0,87.56682780707445,55.414274920894265,96.77814175626108,78.49455432937862,84.82395933342397,80.31733384682796,99.02095060867248,100.0
Richard King,62.8204311484571,53.810467115033944,81.18393894523187,91.85076182932147,87.67635641495983,30.684524582097605,95.94247714719786,47.686684585630545,49.68188037223911,57.43942868462094,71.51022228083889,97.42072673427825,100.0,100.0,36.821429498517126,100.0,57.22402150275665,59.61825644668693,68.92731442154513,85.81226673700667,94.03662963629603,100.0,100.0,41.728079791213645,100.0,56.543221552311465,58.989562135283165,68.80787196343624,81.82103224596011
Ricardo Kelley,73.73991995700354,58.915866812853956,73.52741815530726,33.521545892409705,50.102991752994654,78.49782640725846,82.23030240611422,72.6554227767518,54.70797144850285,77.13772540993378,65.05513143084234,88.23290178636871,40.22585507089165,60.123590103593585,94.19739168871014,98.67636288733706,87.18650733210217,65.64956573820342,92.56527049192053,78.0661577170108,83.8255461529558,44.94262472630818,62.052356190664234,91.02895994915917,93.79222460699975,82.95524777334096,65.67174913833279,88.93773213730458,75.23869739017246
Tiffany Ryan,37.087490369302046,54.65413368035284,43.85105244838516,31.715974070281394,73.27828192897992,53.511785902740634,91.2482635215382,30.94998204645747,91.98783261944533,84.26689502295653,75.98157900462714,52.621262938062195,38.05916888433767,87.9339383147759,64.21414308328876,100.0,37.13997845574897,100.0,100.0,91.17789480555255,55.44507866112515,40.28616459749498,87.64505266140702,63.6647337056762,100.0,41.26499277465055,100.0,93.43744510879921,85.55533816810222
Adam Edwards,59.21521762019536,57.09817214141974,48.8388663032849,33.850228793762255,72.19331882316789,48.13810237800921,36.68435499479617,63.531549802974716,33.35674894782239,38.36718228997179,63.31762133144976,58.60663956394188,40.62027455251471,86.63198258780146,57.765722853611045,44.02122599375541,76.23785976356966,40.02809873738686,46.04061874796614,75.98114559773971,59.27352424439576,43.438723669481035,84.26133896728058,59.774804729477275,43.86349626427009,74.88972029768061,41.68903938690856,49.76747096361352,73.4128354961707
Gregory Ramos,61.20730150234444,61.9470101285819,55.08443761601635,62.37812327611412,65.00495782267785,58.42876477330984,64.3015729558185,49.34816470762315,66.49157231494746,76.96036332029422,74.40903913375195,66.10132513921963,74.85374793133694,78.00594938721342,70.1145177279718,77.1618875469822,59.217797649147776,79.78988677793696,92.35243598435306,89.29084696050234,66.37840949577571,72.64340182458352,76.82974295675677,69.78780609250168,75.28176660102388,59.590358884704735,77.60839868083121,87.6509127074853,84.86887110214239
Sharon Fox,90.16707200871068,59.77135440678842,53.07791850420897,69.34572758027981,63.62023508339258,70.615841886108,45.12799707802337,90.31946031766097,83.6616185983727,98.28566793864356,66.90936091785161,63.693502205050756,83.21487309633578,76.3442821000711,84.7390102633296,54.153596493628044,100.0,100.0,100.0,80.29123310142194,63.024572001482746,81.23308025917841,74.74194962770129,81.4389131078407,56.43398131958493,100.0,95.79609556012367,100.0,79.34115904382952
Joshua Castro,73.3593599165824,66.76319291168642,68.56580859758111,61.64871777596149,85.21639899159095,89.82980164509803,71.00239429560753,81.19033866843036,48.118120354863606,63.12514638129804,87.91595268389386,82.27897031709733,73.97846133115378,100.0,100.0,85.20287315472903,97.42840640211642,57.74174442583632,75.75017565755765,100.0,79.17009834913449,72.81537563775036,96.56764626204554,100.0,80.26174804746688,91.03332346912121,58.2857832990578,73.72535307395643,98.98688973784299
Sean Tran,48.59465490937927,53.771330215061944,62.37339230474972,92.44860525569109,100.72329201821725,79.28586034886234,65.60221222158717,81.2514464767159,92.6423059052882,58.10456561310522,35.97043584984653,74.84807076569966,100.0,100.0,95.1430324186348,78.7226546659046,97.50173577205908,100.0,69.72547873572627,43.16452301981584,72.55297580342081,100.0,100.0,90.2056322619986,76.8260883788043,92.54803747681039,100.0,68.9017147769803,47.46054364392477
Sara Obrien,70.09733728479182,69.11689308332855,71.361591427743,47.848226773187534,60.19840001903974,52.85840438858049,61.275359730902316,34.61049892176648,82.02490684758303,42.8344251052594,75.22604145388462,85.63390971329159,57.41787212782504,72.23808002284768,63.43008526629659,73.53043167708277,41.53259870611977,98.42988821709963,51.40131012631128,90.27124974466155,83.28818291631731,55.71660662473477,71.55389860905764,64.30491920129298,72.02484520473035,43.48705136000722,92.85547790505714,52.71262751252204,84.59478868452813
Jennifer Fisher,74.33835655262772,77.68163354235337,60.0819311643199,66.97737314685043,97.64795733282811,50.17561957127261,52.504191375471876,66.65179482389907,36.51012006603988,57.293671800137176,66.45275307446907,72.09831739718388,80.37284777622051,100.0,60.21074348552713,63.00502965056625,79.98215378867887,43.81214407924786,68.75240616016461,79.74330368936289,70.86843528893803,78.34182844448755,100.0,60.9733667378377,61.93566333404458,77.4904316854743,44.22476813407027,69.0232346639078,77.93092762215673
Patrick Powell,97.71448700880363,100.37605892808172,41.209441024951445,63.76641006073655,93.66036751727582,35.234740288367526,65.10955655439814,46.301520214861654,99.11816307110838,82.91920825814134,91.61734525669081,49.451329229941734,76.51969207288386,100.0,42.28168834604103,78.13146786527777,55.56182425783398,100.0,99.5030499097696,100.0,52.59128958515891,72.5470495564154,100.0,43.11326429568132,77.6852161303741,57.95249829369087,100.0,93.60399462063054,100.0
Karen Duncan,90.00255819018163,97.31318883789723,86.20950835045474,64.35295256288619,78.56537615428846,56.4599816627161,65.40784226125811,65.97475024776503,84.11995271688428,94.2376877641196,78.61542540859222,100.0,77.22354307546343,94.27845138514614,67.75197799525932,78.48941071350973,79.16970029731803,100.0,100.0,94.33851049031065,98.13863855520118,75.26020440924778,90.12289407672131,65.69738070272412,79.45367590788338,76.73558780365161,94.2944839031788,100.0,90.73848614777073
Kristi Webb,33.75175944235897,53.61429074107134,66.21703586380741,34.50914239820007,46.20037574223545,33.06949327354785,51.4908926732204,83.89610183563698,85.25740279178248,85.7145571742069,92.85665389795632,79.46044303656889,41.41097087784008,55.44045089068254,39.683391928257414,61.78907120786448,100.0,100.0,100.0,100.0,79.32835815095058,44.4411982050772,57.58794191310064,39.67661645919696,62.42417678871084,97.56286601974764,96.79993934123812,97.55299230116754,100.0
Victoria Williams,83.3551741372022,50.14472620266532,42.077678381394065,80.78962080313055,38.92865864811996,92.2947729014045,44.464904911870335,54.951661515352555,63.67295024902929,61.16584509917358,77.28534216396027,50.49321405767288,96.94754496375666,46.71439037774395,100.0,53.3578858942444,65.94199381842306,76.40754029883514,73.3990141190083,92.74241059675232,51.81407813022378,90.50826145534607,48.18422847087831,100.0,52.89925645859655,64.23241910592579,77.41244005627222,71.36979657660744,87.32047098459508
Lori Rogers,53.24763492214957,52.33280269866385,60.44978551708984,77.99505414506575,35.18806098546373,84.88980707232423,43.73868974464207,96.25368361117816,30.635204855052685,66.41825705950993,77.59186637339175,72.53974262050781,93.5940649740789,42.22567318255647,100.0,52.486427693570484,100.0,36.76224582606322,79.70190847141191,93.1102396480701,71.03997602187998,90.1620434492294,43.29233998446171,96.73521329725101,51.72060076511212,100.0,42.54971810909615,78.0618966880948,88.30703713797067
Allison Hawkins,34.82009729458972,92.35101110347277,81.49601286783053,67.48642964908197,31.702131519819233,39.19719178251641,86.02579930709047,45.203553053375984,72.26461438548434,93.65952378877421,100.274510770374,97.79521544139664,80.98371557889836,38.04255782378308,47.03663013901969,100.0,54.24426366405118,86.7175372625812,100.0,100.0,95.68722884197605,77.47116206189524,41.396394697919376,47.034896031448,100.0,55.176631426389925,84.13924467599473,100.0,100.0
Allison Martin,39.72109685058115,55.81814062984729,64.83593215230238,68.16365370472487,68.78755314250634,62.96885498408022,71.70311377943025,59.35312973764975,31.009730690212475,61.911722051120066,56.157617064995144,77.80311858276285,81.79638444566983,82.5450637710076,75.56262598089626,86.0437365353163,71.2237556851797,37.211676828254966,74.29406646134407,67.38914047799418,75.92518606488993,80.07975187461895,80.0373894773949,75.42291849681465,81.75106700106416,69.13163827176109,40.30233943110156,72.82514128848025,66.15535539683435
Daniel Anderson,37.90501389507702,62.902263738118286,38.85759994368283,58.740750807722335,81.26513377656963,77.27630864597242,36.10474893218256,61.71526190305932,57.784447924840784,73.18398657909175,47.748543804932204,46.62911993241939,70.4889009692668,97.51816053188355,92.7315703751669,43.32569871861907,74.05831428367118,69.34133750980894,87.8207838949101,57.298252565918645,48.59369342627344,68.55130433107692,92.79247947275582,89.16427389239404,45.480845842845916,73.28176090626292,67.36142006005072,83.66298522404233,58.72686490747762
Eugene Smith,30.32924627475512,92.1217632416906,84.08001151010112,81.32736908598056,35.656198559307406,85.9233362552472,87.69359817594659,33.65323083258372,54.1267980613877,30.203439374645423,55.74722313017479,100.0,97.59284290317667,42.78743827116889,100.0,100.0,40.383876999100465,64.95215767366524,36.244127249574504,66.89666775620974,95.89551321377132,89.89065680342677,43.06915625571851,98.80860916447564,99.63050759835981,40.30048543707558,64.71323883091476,38.026283123439256,63.851763473613765
Kayla Henry,62.89876780586043,57.87941810690156,95.70066021805832,59.794128972445236,63.34445200467794,90.86005320926918,82.84104254183335,99.55858998227015,64.64794678534835,58.74120245327545,48.454841710541956,100.0,71.75295476693428,76.01334240561353,100.0,99.40925105020001,100.0,77.57753614241803,70.48944294393054,58.14581005265035,100.0,72.20262536771853,73.40408494590427,100.0,94.56686676476049,100.0,74.94819687568385,70.73586875346336,59.152796299430264
Crystal Johnson,41.95122396519197,55.36962231156397,65.00769143533293,48.43688224109999,32.78231133716388,68.97942410405088,34.18161514301693,52.63879117611565,61.67905494099227,64.9085574477568,35.88051691439309,78.00922972239951,58.12425868931998,39.33877360459666,82.77530892486105,41.01793817162031,63.16654941133878,74.01486592919072,77.89026893730816,43.05662029727171,75.5219326887635,58.02529550913204,42.58315446056639,82.77038321260056,44.83079168944698,63.22248110103387,72.81010063893224,76.28623690550509,45.47515207623503
Martha Barker,45.00581495334269,89.2357445495704,84.03351306236662,38.9806099520423,77.7262983103723,86.76781803948924,46.4424893201126,42.618567110610314,91.36033985732251,50.36954381012315,42.427218920387546,100.0,46.77673194245076,93.27155797244676,100.0,55.73098718413512,51.14228053273238,100.0,60.44345257214778,50.912662704465056,94.96427287546543,46.026610435817666,88.51100252230171,98.56801965941519,58.60492441534782,51.654975637244846,100.0,59.71069863624278,52.34643160597417
Wendy Bridges,51.26438658380522,72.51927337140938,53.46196346700241,70.03140726791247,58.733244199634086,59.4046943264091,62.46769146167036,64.66947843745376,39.00853026578805,56.93085873871841,33.70151706480117,64.1543561604029,84.03768872149496,70.4798930395609,71.28563319169092,74.96122975400444,77.60337412494451,46.81023631894566,68.31703048646209,40.441820477761404,63.36737790010258,81.51416102337737,68.97480164945992,72.08774639164956,73.19647859668662,75.68590295348666,47.86615808854149,68.39670785512136,44.025758962234804
John Rodriguez,39.7743596510927,98.56673885961362,72.34369779355634,91.04323507054406,100.15526898532275,58.611931250973626,95.53002991635853,70.82673173570382,40.25117414222211,34.77002767318386,73.68842439841958,86.81243735226761,100.0,100.0,70.33431750116834,100.0,84.99207808284457,48.301408970666536,41.72403320782063,88.4261092781035,84.34447231769191,100.0,100.0,66.91033851229399,100.0,80.41873464536688,47.35157979136809,43.96971244606032,84.29762511910722
Ryan Mercado,35.13519904605955,83.24845537132266,71.0368178228761,94.04438656360499,69.31094527375731,47.74414434696293,57.23545780362272,70.74602294244814,99.28899007633558,73.44536385590652,49.80633693171163,85.24418138745132,100.0,83.17313432850877,57.29297321635552,68.68254936434727,84.89522753093776,100.0,88.13443662708782,59.76760431805395,83.27481159803939,100.0,78.5163152689029,55.95890594610784,70.6637287313846,82.8398171154334,100.0,84.358588872929,61.26419256324607
Dawn Anderson,42.58116575761729,80.34088867012991,65.16758691328835,71.83944791310593,97.24873419669977,60.41577333818639,52.589285115117704,31.51693931876908,35.40307128667703,89.60302635416447,68.75259138020297,78.20110429594601,86.20733749572712,100.0,72.49892800582367,63.10714213814124,37.820327182522895,42.48368554401244,100.0,82.50310965624357,77.00236331360941,82.73800924006743,100.0,72.30116332448578,63.86435208022718,40.4349093667568,43.88065810474598,99.96315930776566,79.76075851376783
Laura Rodgers,86.2859343962128,84.54407848347972,43.616649763487935,55.66686291667962,90.14238803375244,82.19420110522219,35.2961641523937,48.748172473642946,46.54739214826202,54.04525854352386,52.63737174119564,52.33997971618552,66.80023550001555,100.0,98.63304132626662,42.35539698287244,58.497806968371535,55.85687057791442,64.85431025222863,63.16484608943477,52.49433686283517,64.79510014702163,100.0,95.85537377300271,44.21991796526981,58.530665715859655,55.21397558946516,64.61837096579401,63.61837660403933
Ryan Lyons,69.61251520744432,63.056064676581755,87.82272648097668,56.644650835633,84.41854944335319,31.480344282767316,78.14508570257499,53.789207180008425,90.98112449814798,55.4755307942638,91.32537433441524,100.0,67.9735810027596,100.0,37.77641313932078,93.77410284308998,64.5470486160101,100.0,66.57063695311655,100.0,100.0,66.41010727857575,97.04611019275382,39.84474510008949,89.98662556723605,63.76831950034152,100.0,66.44150152085356,100.0
Robert Morris,33.08956996526203,56.07232171203168,64.75407165702738,63.92529449790605,34.4835068324666,81.54819898688321,98.3381505941614,33.23410720590456,79.34000038753841,32.16522630066246,41.197496421902066,77.70488598843285,76.71035339748725,41.38020819895992,97.85783878425984,100.0,39.88092864708547,95.20800046504608,38.59827156079495,49.43699570628248,75.52954893364607,72.4534373735655,44.01623208806987,95.43620422630163,100.0,40.96826329745743,91.22274955246215,40.41508400390143,48.876834935487246
Amy Jackson,50.496599817799115,77.35064243383057,45.88135905064465,47.502679327179465,38.9090282820798,51.27375874670512,70.3104138289421,83.16901436632097,99.43863092221409,40.6173822282055,33.60455309961661,55.05763086077358,57.00321519261536,46.690833938495764,61.52851049604614,84.37249659473052,99.80281723958515,100.0,48.740858673846596,40.32546371953993,55.77728612557245,56.22395649882027,48.31851065094002,60.5386224684718,82.16648718056287,96.63239792780368,100.0,51.503213529986176,43.649464020716685
Eric Fernandez,62.976066923457076,51.00151651993009,57.15578425620278,71.91336457656125,77.55390810194741,46.55761592251335,94.76230183985946,91.83749486529626,67.3626986724092,72.8456454347613,68.71716666687747,68.58694110744334,86.29603749187349,93.0646897223369,55.86913910701602,100.0,100.0,80.83523840689104,87.41477452171355,82.46060000025297,68.23583584376316,84.96075500390899,89.71551959852533,55.58657122988447,100.0,100.0,77.56238752626031,84.97196857862912,80.07008034687065
Christie Rodriguez,56.82103042938327,89.83324715909698,85.1329267886176,86.52080042680475,95.32836744268486,40.95209704271815,62.583409621796015,90.97558616767685,60.860470144320566,64.1364212333732,78.78767385740736,100.0,100.0,100.0,49.14251645126178,75.10009154615521,100.0,73.03256417318468,76.96370548004784,94.54520862888883,97.88031135563892,98.49116180070727,100.0,47.81383858982417,74.06209624201318,100.0,68.96654236580596,76.01631639823611,91.03208534801983
Allison Flores,47.472629780388765,64.83547589475974,84.73116643956124,65.32392778004224,51.95565807617119,47.40652256056842,56.78223166557645,47.61647140934381,47.5559339506198,42.61432061530725,48.39059076685055,100.0,78.38871333605069,62.34678969140543,56.8878270726821,68.13867799869173,57.13976569121257,57.06712074074376,51.137184738368695,58.06870892022066,96.7527114565364,75.73722541969902,61.91480555327614,59.96098314700517,67.59420690736144,56.81537501431976,56.94216927793347,53.79523495658998,57.796873308625486
Lisa Reyes,50.948654251477016,98.5612695938314,91.04066991576794,52.957730094064644,84.86431047404204,66.97166718065837,35.502953841556995,36.41570622412116,30.013875572190628,87.5073474891515,40.850902988809636,100.0,63.54927611287757,100.0,80.36600061679005,42.60354460986839,43.69884746894539,36.01665068662875,100.0,49.021083586571564,100.0,63.74306413869099,96.60165790843863,80.25923473351179,48.166604916121514,45.285009125421624,37.225841130408305,99.19714921893654,51.91546172270328
Eric Long,87.64779271916078,84.32850916497682,37.921641378760235,97.75708227559272,74.33895294183606,62.34094536716806,97.05966839228923,30.87332741582439,82.63385710444862,30.872359581895523,93.25740453479604,45.50596965451228,100.0,89.20674353020327,74.80913444060167,100.0,37.04799289898927,99.16062852533834,37.04683149827463,100.0,48.97018896777371,100.0,84.724480332696,73.20520106216827,100.0,38.823904205458916,94.2192933625899,38.66639404568047,100.0
Lisa Hernandez,37.973480956000195,89.14591333914272,88.7976488099483,30.37555532183564,30.33073542635925,44.47901651183946,63.51870734214027,85.9914661040511,42.9292606329204,62.3949558512005,73.61149677309538,100.0,36.45066638620277,36.3968825116311,53.37481981420735,76.22244881056832,100.0,51.51511275950448,74.8739470214406,88.33379612771445,100.0,40.81888799701501,39.63933451589308,52.750982625535116,75.0760821483709,98.05192593833256,52.04034121535754,74.25997201771446,83.71975334705061
Molly Lee,33.626974732103484,87.66605668728783,41.59612362065953,70.16187360865436,70.06838245754795,37.595516114295876,83.72291998507316,41.935905653673416,48.54662884989345,37.52704423153909,42.01520536626757,49.91534834479144,84.19424833038524,84.08205894905754,45.11461933715505,100.0,50.3230867844081,58.25595461987214,45.0324530778469,50.418246439521084,52.457415438139314,79.75111160591142,80.90977188585273,48.18663348653094,94.84916166739748,52.44612777090984,56.28791566436712,46.98532157087971,51.4839865892624
Edward Patterson,60.772635777757905,87.32388558767515,42.34614191917062,33.01534686141009,64.83937873296995,87.81364291522956,82.5573345939635,53.51930857993928,50.31097022543783,80.7928102015016,58.36978364528853,50.81537030300474,39.6184162336921,77.80725447956394,100.0,99.0688015127562,64.22317029592713,60.37316427052539,96.9513722418019,70.04374037434623,51.48641335504923,42.72721444925037,77.18211858628112,100.0,94.24481928863946,63.78717464060771,59.99433689545692,90.68927397439816,68.5820393735428
Sharon Jensen,99.27330130561542,66.62819959451615,64.90860646598037,58.735207248700576,59.31993471622198,40.364552253802586,83.02480168895073,68.46164789067147,67.45128270267637,71.7612637494349,38.2161214854338,77.89032775917644,70.48224869844069,71.18392165946638,48.4374627045631,99.62976202674088,82.15397746880576,80.94153924321164,86.11351649932188,45.85934578252056,74.88342615540658,71.28949089035476,71.57593052530746,52.79745450993845,96.17869618838347,80.02590855027381,77.27558074253068,85.22215758819289,49.224421841242474
Corey Anderson,87.36757043734718,69.72624845481357,95.55817277332716,69.1198758008027,80.79371175534376,81.77648249331835,87.77309800997364,48.12571307516302,99.64222921832602,60.919108029212225,41.94202197490968,100.0,82.94385096096325,96.95245410641252,98.13177899198202,100.0,57.75085569019562,100.0,73.10292963505466,50.33042636989161,100.0,79.52865030723,92.48168740911245,95.14535039781536,100.0,56.18926788901379,100.0,71.83082626660604,52.309938004506314
Samantha Herman,66.64925697993232,77.68777073614692,89.19103400179529,45.83531158285199,34.83498090115232,100.6333707317575,97.46407835690654,92.91417445200484,46.65251647864136,59.37909457043322,88.4962731548159,100.0,55.00237389942239,41.80197708138278,100.0,100.0,100.0,55.98301977436963,71.25491348451986,100.0,100.0,56.957647731616284,43.84330258964167,100.0,100.0,100.0,58.157742644236585,69.826596843006,98.29621238843507
Ryan Vaughn,95.78248116694412,69.03106946129374,38.07258325126112,32.68860116323363,34.55132608721293,88.1957968839707,85.99082658361446,41.736838506862114,69.89406582955223,47.77704688555762,62.65147865034663,45.68709990151334,39.226321395880355,41.461591304655514,100.0,100.0,50.084206208234534,83.87287899546267,57.33245626266914,75.18177438041596,46.69478283651604,40.91033838548368,45.91170894780055,100.0,96.44636423279654,50.674326783063435,82.12242606294511,57.35424489136406,71.45362403359958
Cheryl Brooks,55.84056159946522,54.79340982149936,39.080626087291925,53.30747698025404,61.06030757298332,42.39616410568689,31.378248559045637,62.80263456784515,74.96472429578469,54.36006327388719,56.11290911661301,46.89675130475031,63.96897237630484,73.27236908757997,50.87539692682427,37.65389827085476,75.36316148141418,89.95766915494163,65.23207592866463,67.33549093993561,49.695079296340694,62.39834204249762,72.24460424841675,53.040023845488946,40.35743959948702,75.39361962828153,85.33566773794998,65.75749171833766,66.70434441551555
Andrew Lambert,72.32800816912892,72.13265946141686,71.16433889306454,35.301668666954,41.529933570094144,63.10662593781698,49.16066103085606,34.263576165257234,52.90173893272141,84.61393034983877,42.46133926847719,85.39720667167744,42.3620024003448,49.83592028411297,75.72795112538037,58.99279323702727,41.11629139830868,63.48208671926569,100.0,50.95360712217263,81.57672472015543,45.423946740087914,53.34682820308746,77.8184283835636,61.69242431463883,43.7433299585497,63.36149449535158,96.62502338335588,52.369500418584195
Jennifer Irwin,92.00248189825228,93.58890217066151,40.999929026769955,77.46743817551325,89.41752478046229,47.74253547778151,69.73214223693714,59.43648338085072,75.5450895004705,61.39004127568861,47.22058597076605,49.199914832123945,92.9609258106159,100.0,57.29104257333781,83.67857068432455,71.32378005702085,90.6541074005646,73.66804953082632,56.66470316491926,50.63183906486827,87.94230438709302,100.0,58.43387350660535,81.79837244478324,71.03136990085808,84.2750037347133,72.75660117765682,58.86441088286254
